Style        | Plan       | Building   | Interior   | Materials   | Structure   | Landscape  | Concepts     | Facade       | Sustainability | Ecology       | Design      | Elements      | Perspective    | Facet
Modern       | Open       | Skylights  | Concrete   | Aluminum    | Water feature | Urban      | Technology   | Transparent | LEED Certified | Biodiversity | Futuristic  | Integration   | Bird's-eye     | Dynamic
Industrial   | Loft       | Exposed    | Metal      | Industrial  | Concrete    | Industrial | Utilitarian  | Exposed      | Eco-friendly   | Pollution    | Raw         | Industrial    | Wide-angle     | Urban
Contemporary | Split-level| Glass      | Minimalist | Steel       | Garden      | Zen        | Fluidity     | Transparent | Eco-conscious  | Natural      | Innovative  | Harmony       | First-person   | Geometric
Rustic       | Cabin      | Log        | Cozy       | Stone       | Timber      | Forest     | Rustic       | Natural      | Sustainable    | Wildlife     | Rustic      | Coziness      | Close-up       | Naturalistic
Minimalist   | Compact    | White      | Zen        | Glass       | Concrete    | Minimalist | Simplicity   | Clean        | Eco-minded     | Natural      | Minimalist  | Clarity       | Isometric      | Symmetric
Nautical     | Houseboat  | Portholes  | Nautical   | Wood        | Ship-like   | Ocean      | Adventure    | Nautical     | Eco-conscious  | Marine life  | Nautical    | Adventure     | Water-level    | Seaside
Futuristic   | Pod        | Metal      | High-tech  | Nano        | Transparent | Artificial | Innovation   | Sleek        | Futurism       | Technology   | Avant-garde | Innovation    | Augmented      | Abstract
Tropical     | Bungalow   | Thatched   | Tropical   | Bamboo      | Tropics     | Lush       | Exotic       | Colorful     | Eco-friendly   | Rainforest   | Exotic      | Richness      | Aerial         | Tropical
Mediterranean| Villa      | Terracotta | Mediterranean | Marble   | Mediterranean | Vineyard | Heritage     | Warm         | Solar-powered  | Mediterranean| Authentic   | Elegance      | Panoramic      | Romantic
Zen          | Retreat    | Zen garden | Serene     | Wood        | Zen rocks   | Tranquil   | Harmony      | Minimalist   | Eco-conscious  | Zen garden   | Zen         | Tranquility   | Zen-like       | Zen-like
Bohemian     | Cottage    | Boho-chic  | Eclectic   | Recycled    | Bohemian    | Bohemian   | Artistic     | Colorful     | Upcycled       | Eclectic     | Artistic    | Diversity     | Eclectic       | Bohemian
Scandinavian | Chalet     | Nordic     | Light      | Natural     | Timber      | Scenic     | Hygge        | White        | Sustainable    | Forest       | Nordic      | Simplicity    | Snowscape      | Nordic
Baroque      | Mansion    | Gilded     | Opulent    | Velvet      | Baroque     | Gardens    | Grandeur     | Ornate       | Opulence       | Formal garden| Baroque     | Extravagance  | Opulent        | Lavish
Cottagecore  | Cottage    | Cottagecore| Rustic     | Floral      | Wooden      | Meadow     | Whimsical    | Cottagecore  | Eco-friendly   | Countryside  | Cottagecore | Coziness      | Countryside    | Cottagecore
Mid-century  | Ranch      | Mid-century| Retro      | Wood        | Mid-century| Desert     | Vintage      | Retro        | Eco-conscious  | Desert       | Mid-century | Elegance      | Mid-century    | Retro
Art Nouveau  | Mansion    | Curved     | Organic    | Iron        | Art Nouveau| Park       | Flowing      | Ornate       | Nature-inspired| Botanical    | Art Nouveau | Ornamentation | Organic        | Curved
Neo-classical| Palace     | Pediments  | Luxurious  | Marble      | Neo-classical| Fountain| Elegance     | Pillars      | Eco-conscious  | Formal garden| Neo-classical| Opulence      | Elevation      | Luxurious
Transitional | Manor      | Transitional | Transitional | Transitional | Transitional| Manor     | Balance      | Transitional | Eco-friendly   | Transitional | Transitional| Harmony       | Transitional   | Transitional
High-tech    | Smart      | Tech       | Automated  | High-tech   | High-tech  | Futuristic| Innovation   | High-tech    | Energy-efficient| Tech         | High-tech   | Cutting-edge  | High-tech      | High-tech
Traditional  | Cottage    | Traditional| Classic    | Wood        | Traditional| Garden     | Heritage     | Traditional | Timeless       | Cottage garden| Traditional | Heritage      | Classic        | Classic
Cubist       | Block      | Geometric  | Abstract   | Concrete    | Cubist      | Cubist     | Cubism       | Geometric    | Eco-friendly   | Abstract     | Cubist      | Avant-garde   | Perspective    | Abstract
Japanese     | Tatami     | Zen        | Shoji      | Bamboo      | Japanese    | Zen        | Wabi-sabi    | Shoji        | Eco-conscious  | Zen garden   | Japanese    | Tranquility   | Zen-like       | Japanese
Eclectic     | Manor      | Eclectic   | Diverse    | Eclectic    | Manor       | Eclectic   | Eclecticism  | Eclectic     | Sustainable    | Diverse      | Eclectic    | Variation     | Eclectic       | Eclectic
Colonial     | Plantation | Colonial   | Vintage    | Colonial    | Veranda     | Plantation| History      | Colonial     | Eco-friendly   | Plantation   | Colonial    | Tradition     | Colonial       | Colonial
Post-modern  | Condo      | Avant-garde| Postmodern | Mixed       | Postmodern | Postmodern| Deconstruction | Mixed      | Eco-conscious  | Postmodern   | Avant-garde| Innovation    | Postmodern    | Postmodern
Organic      | Eco-house  | Green      | Natural    | Eco-material| Organic     | Eco-garden| Sustainability| Green        | Eco-friendly   | Nature       | Organic     | Harmony       | Organic        | Organic
Glam         | Penthouse  | Glamorous  | Luxe       | Crystal     | Glam        | Rooftop    | Glamour      | Chic         | Eco-conscious  | Glamorous    | Glam        | Opulence      | Glamorous      | Luxe
Artisanal    | Studio     | Handcrafted| Artisan    | Reclaimed   | Artisanal   | Artisanal  | Craftsmanship| Rustic       | Eco-conscious  | Artisan      | Handcrafted | Authenticity  | Artisanal      | Handcrafted
Retro        | Vintage    | Retro      | Nostalgic  | Vinyl       | Retro       | Retro      | Nostalgia    | Retro        | Vintage        | Retro         | Vintage     | Retro         | Vintage        | Retro
Mediterranean | Villa      | Terracotta | Mediterranean | Marble   | Mediterranean | Vineyard | Heritage     | Warm         | Solar-powered  | Mediterranean| Authentic   | Elegance      | Panoramic      | Romantic
Loft         | Loft       | Exposed    | Urban      | Loft        | Loft        | Loft       | Loft         | Loft         | Loft           | Loft          | Loft        | Loft          | Loft           | Loft
Industrial   | Loft       | Industrial | Urban      | Industrial  | Industrial  | Industrial | Industrial   | Industrial   | Industrial     | Industrial    | Industrial  | Industrial    | Industrial     | Industrial
Scandinavian | Chalet     | Nordic     | Light      | Natural     | Timber      | Scenic     | Hygge        | White        | Sustainable    | Forest        | Nordic      | Simplicity    | Snowscape      | Nordic
Bohemian     | Cottage    | Boho-chic  | Eclectic   | Recycled    | Bohemian    | Bohemian   | Artistic     | Colorful     | Upcycled       | Eclectic      | Artistic    | Diversity     | Eclectic       | Bohemian
Minimalist   | Compact    | White      | Zen        | Glass       | Concrete    | Minimalist | Simplicity   | Clean        | Eco-minded     | Natural       | Minimalist  | Clarity       | Isometric      | Symmetric
Rustic       | Cabin      | Log        | Cozy       | Stone       | Timber      | Forest     | Rustic       | Natural      | Sustainable    | Wildlife      | Rustic      | Coziness      | Close-up       | Naturalistic
Nautical     | Houseboat  | Portholes  | Nautical   | Wood        | Ship-like   | Ocean      | Adventure    | Nautical     | Eco-conscious  | Marine life   | Nautical    | Adventure     | Water-level    | Seaside
Futuristic   | Pod        | Metal      | High-tech  | Nano        | Transparent | Artificial | Innovation   | Sleek        | Futurism       | Technology    | Avant-garde | Innovation    | Augmented      | Abstract
Tropical     | Bungalow   | Thatched   | Tropical   | Bamboo      | Tropics     | Lush       | Exotic       | Colorful     | Eco-friendly   | Rainforest    | Exotic      | Richness      | Aerial         | Tropical
Cubist       | Block      | Geometric  | Abstract   | Concrete    | Cubist      | Cubist     | Cubism       | Geometric    | Eco-friendly   | Abstract      | Cubist      | Avant-garde   | Perspective    | Abstract
High-tech    | Smart      | Tech       | Automated  | High-tech   | High-tech   | Futuristic | Innovation   | High-tech    | Energy-efficient| Tech          | High-tech   | Cutting-edge  | High-tech      | High-tech