Discovery | Item   | Artifact     | Date    | Culture       | Region       | Material | Preserve         | Presented  | Exhibition     | Symbology  | Meanings      |
Pyramid of Djoser | Scroll | Sapphire    | 2700 BC | Ancient Egypt | North Africa | Lapis Lazuli | Cairo Museum | Metropolitan | Egyptian Museum | Moon | Wisdom |
Great Wall of China | Spear  | Wall Fragment | 206 BC | Ancient China | East Asia | Granite | Forbidden City | Beijing | National Museum | Dragon | Protection |
Parthenon | Amphora | Sculpture   | 432 BC | Ancient Greece | Mediterranean | Marble | Acropolis Museum | Athens | Louvre | Athena | Wisdom and Warfare |
Inca Temple of the Sun | Mask | Gold Relic | 1450 AD | Inca | South America | Gold | Machu Picchu | Lima | Smithsonian | Inti | Sun God Worship |
Stonehenge | Staff | Crystal Orb | 3000 BC | Ancient Britain | Europe | Crystal | British Museum | London | Natural History Museum | Earth | Connectivity |
Moai Statues | Pendant | Obsidian Mirror | 1400 AD | Rapa Nui | Pacific Islands | Obsidian | Rano Raraku | Santiago | Museum of Anthropology | Ocean | Navigation |
Easter Island Caves | Painting | Petroglyph | 1000 AD | Rapa Nui | Pacific Islands | Rock | Rano Kau | Sydney | Museum of Indigenous Art | Birdman | Leadership |
Angkor Wat | Crown | Golden Idol | 1150 AD | Khmer | Southeast Asia | Gold | Angkor Archaeological Park | Phnom Penh | Asian Art Museum | Lotus | Enlightenment |
Teotihuacan Pyramids | Necklace | Jade Amulet | 100 AD | Teotihuacan | Mexico | Jade | Teotihuacan | New York | National Museum of Anthropology | Quetzalcoatl | Rebirth |
Chichen Itza | Mask | Jade Mask | 800 AD | Maya | Central America | Jade | Chichen Itza | Los Angeles | Getty Museum | Jaguar | Power and Strength |
Borobudur Temple | Bell | Brass Gong | 800 AD | Buddhist | Southeast Asia | Brass | Borobudur | Jakarta | Museum Nasional Indonesia | Lotus | Enlightenment |
Sphinx | Scarab | Emerald Beetle | 2500 BC | Ancient Egypt | North Africa | Emerald | Luxor Museum | Chicago | Field Museum | Scarab | Rebirth and Renewal |
Moche Pyramids | Figurine | Golden Idol | 600 AD | Moche | South America | Gold | Huaca del Sol | Lima | Museo Larco | Condor | Unity |
Colosseum | Shield | Gladiatorial Helmet | 80 AD | Ancient Rome | Europe | Iron | Roman Forum | Rome | Vatican Museums | Eagle | Valor and Strength |
Petra | Lute | Sandstone Carving | 100 AD | Nabatean | Middle East | Sandstone | Petra Archaeological Park | Amman | Jordan Museum | Camel | Trade and Prosperity |
Machu Picchu | Tapestry | Alpaca Wool Blanket | 1450 AD | Inca | South America | Alpaca Wool | Machu Picchu | Lima | Smithsonian | Mountain | Connection to the Divine |
Stone Circles of Senegambia | Harp | Ivory Harp | 500 AD | Senegambian | West Africa | Ivory | Senegambia | Dakar | Museum of African Art | Lion | Royalty and Leadership |
Taj Mahal | Earring | Pearl Drop | 1632 AD | Mughal | South Asia | Pearl | Taj Mahal | New Delhi | National Museum | Lotus | Eternal Love |
Hagia Sophia | Icon | Golden Cross | 537 AD | Byzantine | Europe | Gold | Hagia Sophia Museum | Istanbul | Topkapi Palace Museum | Cross | Faith and Devotion |
Cahokia Mounds | Pottery | Ceramic Bowl | 1050 AD | Mississippian | North America | Ceramic | Cahokia | St. Louis | Smithsonian | Thunderbird | Protection and Prosperity |
Mesa Verde | Bracelet | Turquoise Cuff | 1100 AD | Ancestral Puebloans | North America | Turquoise | Mesa Verde | Denver | Museum of Native American Art | Kachina | Spiritual Connection |
Alhambra | Tapestry | Silk Embroidery | 1238 AD | Moorish | Europe | Silk | Alhambra | Granada | Museo de Bellas Artes | Alhambra | Paradise and Harmony |
Borobudur Temple | Lotus | Stone Relief | 800 AD | Buddhist | Southeast Asia | Stone | Borobudur | Jakarta | Museum Nasional Indonesia | Stupa | Enlightenment |
Mount Rushmore | Chisel | Granite Chip | 1941 AD | American | North America | Granite | Mount Rushmore | Washington D.C. | Smithsonian | Liberty Bell | Freedom and Democracy |
Terracotta Army | Horse | Bronze Figurine | 210 BC | Chinese | East Asia | Bronze | Qin Shi Huang Mausoleum | Xian | Shaanxi History Museum | Horse | Victory and Conquest |
Great Zimbabwe | Drum | Wooden Drum | 1100 AD | Bantu | Southern Africa | Wood | Great Zimbabwe | Harare | National Gallery | Elephant | Royalty and Celebration |
Nazca Lines | Feather | Golden Condor Feather | 500 AD | Nazca | South America | Gold | Nazca Desert | Lima | Museo Antonini | Hummingbird | Fertility and Abundance |
Acropolis of Athens | Laurel Wreath | Gold Wreath | 447 BC | Ancient Greece | Mediterranean | Gold | Acropolis Museum | Athens | British Museum | Athena | Victory and Honor |
Pyramids of Teotihuacan | Mirror | Obsidian Mirror | 200 AD | Teotihuacan | Mexico | Obsidian | Teotihuacan | New York | National Museum of Anthropology | Quetzalcoatl | Reflection and Enlightenment |
Terracotta Army | Sword | Bronze Sword | 210 BC | Chinese | East Asia | Bronze | Qin Shi Huang Mausoleum | Xian | Shaanxi History Museum | Dragon | Strength and Honor |
Palenque | Mask | Jade Mask | 700 AD | Maya | Central America | Jade | Palenque | Mexico City | National Museum of Anthropology | Jaguar | Spiritual Power |
Ephesus | Amphora | Ceramic Amphora | 600 BC | Ancient Greece | Mediterranean | Ceramic | Ephesus | Istanbul | Museum of Anatolian Civilizations | Athena | Wisdom and Trade |
Cahokia Mounds | Pipe | Pipe Bowl | 1050 AD | Mississippian | North America | Stone | Cahokia | St. Louis | Smithsonian | Thunderbird | Spiritual Connection |
Borobudur Temple | Manuscript | Palm Leaf Manuscript | 800 AD | Buddhist | Southeast Asia | Palm Leaf | Borobudur | Jakarta | Museum Nasional Indonesia | Dharma Wheel | Enlightenment |
Palmyra | Necklace | Pearl Necklace | 200 AD | Palmyrene | Middle East | Pearl | Palmyra | Damascus | National Museum of Damascus | Palm Tree | Wealth and Luxury |
Pompeii | Fresco | Wall Fresco | 79 AD | Ancient Rome | Europe | Plaster | Pompeii Archaeological Park | Naples | National Archaeological Museum | Dionysus | Celebration and Festivity |
Ellora Caves | Statue | Stone Sculpture | 600 AD | Hindu | South Asia | Stone | Ellora | Mumbai | Chhatrapati Shivaji Maharaj Vastu Sangrahalaya | Nandi | Devotion and Loyalty |
Tiwanaku | Headdress | Golden Sun Crown | 500 AD | Tiwanaku | South America | Gold | Tiwanaku | La Paz | National Museum of Bolivia | Sun God | Power and Authority |
Babylon | Tablet | Cuneiform Tablet | 1700 BC | Mesopotamian | Middle East | Clay | Babylon | Baghdad | Iraq Museum | Ishtar | Love and Fertility |
Lighthouse of Alexandria | Coin | Gold Coin | 280 BC | Ancient Egypt | North Africa | Gold | Alexandria | Cairo | Egyptian Museum | Pharos | Wealth and Trade |
Cuzco | Quipu | Knotted Rope | 1200 AD | Inca | South America | Wool | Cuzco | Lima | National Museum of Peru | Llama | Communication and Records |
Herculaneum | Ring | Signet Ring | 79 AD | Ancient Rome | Europe | Gold | Herculaneum Archaeological Park | Naples | National Archaeological Museum | Dolphin | Protection and Guidance |
Angkor Wat | Statue | Stone Buddha | 1150 AD | Khmer | Southeast Asia | Stone | Angkor Archaeological Park | Phnom Penh | Asian Art Museum | Buddha | Enlightenment and Compassion |
Göbekli Tepe | Figurine | Stone Figurine | 9600 BC | Pre-Pottery Neolithic | Middle East | Stone | Göbekli Tepe | Istanbul | Istanbul Archaeology Museums | Fox | Hunting and Gathering |
Mohenjo-daro | Seal | Indus Seal | 2500 BC | Indus Valley | South Asia | Clay | Mohenjo-daro | Karachi | National Museum of Pakistan | Bull | Trade and Civilization |
Mesa Verde | Necklace | Turquoise Necklace | 1100 AD | Ancestral Puebloans | North America | Turquoise | Mesa Verde | Denver | Museum of Native American Art | Bear | Strength and Protection |
Mohenjo-daro | Pottery | Terracotta Pot | 2500 BC | Indus Valley | South Asia | Terracotta | Mohenjo-daro | Karachi | National Museum of Pakistan | Elephant | Water and Fertility |
Santorini | Fresco | Minoan Fresco | 1600 BC | Minoan | Greece | Plaster | Santorini | Athens | National Archaeological Museum | Bull | Sacrifice and Power |
Easter Island | Staff | Wooden Staff | 1000 AD | Rapa Nui | Pacific Islands | Wood | Easter Island | Santiago | Museum of Indigenous Art | Moai | Ancestral Connection |
Mesa Verde | Arrowhead | Obsidian Arrowhead | 1100 AD | Ancestral Puebloans | North America | Obsidian | Mesa Verde | Denver | Museum of Native American Art | Eagle | Hunting and Protection |
Chichen Itza | Calendar | Stone Calendar | 800 AD | Maya | Central America | Stone | Chichen Itza | Los Angeles | Getty Museum | Serpent | Time and Cosmos |
Petra | Amulet | Sandstone Amulet | 100 AD | Nabatean | Middle East | Sandstone | Petra Archaeological Park | Amman | Jordan Museum | Camel | Protection and Prosperity |
Pyramids of Meroë | Statue | Granite Sphinx | 300 BC | Kingdom of Kush | Africa | Granite | Meroë | Khartoum | National Museum of Sudan | Lion | Kingship and Power |
Hagia Sophia | Mosaic | Golden Mosaic | 537 AD | Byzantine | Europe | Gold | Hagia Sophia Museum | Istanbul | Topkapi Palace Museum | Virgin Mary | Divine Protection |