Bull|Bear|Stocks|Forex|Bonds|Options|ETF|Futures|Mutual Funds|Derivatives|Commodities|Real Estate|Income|Risk|Returns
Buy|Sell|Equities|Currencies|Government Bonds|Call/Put|Index Fund|Contractual|Investment Pool|Structured Products|Precious Metals|Commercial Property|Earnings|Volatility|Gains
Long|Short|Shares|Exchange Rate|Treasury Bills|Premium|Exchange-Traded Fund|Agreed|Portfolio Management|Synthetics|Industrial Metals|Residential Real Estate|Profits|Uncertainty|Returns
Hold|Liquidate|Securities|Foreign Exchange|Corporate Bonds|Expiration|Mutual Fund|Contracted|Asset Allocation|Hedging Strategies|Agricultural Commodities|Retail Space|Income Streams|Risk Management|Yield
Trade|Hedge|Equity Market|Currency Pair|Municipal Bonds|Strike Price|Closed-End Fund|Arranged|Wealth Management|Derivatives Trading|Non-Ferrous Metals|Warehouses|Dividend Payments|Market Volatility|Growth Potential
Invest|Divest|Stock Market|Forex Market|High-Yield Bonds|Underlying Asset|Investment Trust|Negotiated|Capital Preservation|Option Strategies|Soft Commodities|Office Space|Rental Income|Market Risk|Investment Returns
Short Sell|Cover|Blue Chips|Forex Trading|Convertible Bonds|Exercise Price|Asset Management|Formulated|Diversification|Futures Contracts|Energy Commodities|Vacant Land|Capital Gains|Financial Uncertainty|Profitability
Holdings|Short Position|Equity Shares|Forex Exchange|Government Securities|Strike Price|Passive Fund|Arranged Deal|Asset Management Strategies|Derivatives Market|Base Metals|Commercial Real Estate|Revenue Generation|Financial Risk|Return on Investment
Purchase|Liquidation|Stock Portfolio|Currency Exchange|Fixed-Income Securities|Premium/Discount|Diversified Portfolio|Arrangement|Wealth Preservation|Option Contracts|Precious Metals Trading|Residential Property|Revenue Streams|Market Fluctuations|Income Generation
Sell Short|Close Out|Blue Chip Stocks|Foreign Currency|Sovereign Bonds|Exercise Date|Passive Investment Fund|Contract Agreement|Portfolio Diversification|Derivatives Trading Strategies|Grain Commodities|Industrial Real Estate|Earnings Potential|Economic Risk|Returns on Investment
Acquire|Sell Off|Equities Market|Forex Trading Platform|Corporate Debt|Expiration Date|Balanced Fund|Negotiated Deal|Capital Growth|Option Trading|Livestock Commodities|Retail Real Estate|Passive Income|Market Volatility|Profit Potential
Sell Short|Buy Back|Stock Exchange|Currency Market|High-Grade Bonds|Exercise Price|Index Tracker|Agreed Terms|Wealth Accumulation|Futures Trading|Metal Commodities|Hospitality Sector|Passive Earnings|Financial Instability|Investment Opportunities
Cover|Short Sell|Equity Market|Foreign Exchange Market|Municipal Securities|Strike Rate|Passive Investment Scheme|Contractual Agreement|Capital Growth Potential|Options Trading|Soft Commodity Trading|Commercial Property Investment|Stable Income|Market Volatility Management|Portfolio Diversification
Long Position|Close Position|Stock Exchange Market|Forex Market Trading|Government Bonds Market|Strike Date|Exchange-Traded Product|Negotiated Terms|Capital Appreciation|Derivatives Trading Strategies|Energy Trading|Industrial Property|Regular Income|Financial Market Uncertainty|Return on Investments
Liquidate|Buy Back|Equity Market Trading|Currency Trading|Corporate Bond Market|Expiration Period|Exchange-Traded Securities|Agreement Terms|Wealth Growth|Commodity Futures Trading|Agricultural Trading|Retail Property Investment|Passive Revenue|Financial Market Risk|Investment Returns Optimization
Sell Off|Cover Short|Share Market|Forex Trading Platform|Sovereign Debt Market|Exercise Time|Passive Investment Vehicle|Negotiated Deal Terms|Capital Preservation|Options Contracts|Precious Metals Trading|Residential Real Estate Investment|Income Generation Opportunities|Market Fluctuation Management|Profit Maximization
Short Position|Buy Back In|Equity Shares Market|Foreign Exchange Trading|Government Bond Market|Strike Rate|Passive Investment Fund|Contractual Arrangement|Wealth Preservation Strategies|Option Trading Strategies|Metal Futures Trading|Commercial Real Estate Investment|Revenue Stream Diversification|Market Risk Mitigation|Return on Investment Optimization
Short Sale|Close Position|Stock Market|Forex Exchange|Corporate Bond Market|Exercise Day|Passive Income Fund|Agreement Negotiation|Capital Growth Strategies|Derivatives Trading Techniques|Grain Futures Trading|Retail Real Estate Investment|Income Diversification|Market Fluctuation Mitigation|Profit Generation
Sell Out|Cover Short Position|Equity Market Trading|Currency Exchange Market|Municipal Bond Market|Exercise Timeframe|Exchange-Traded Fund|Negotiated Agreement|Wealth Growth Strategies|Option Trading Tactics|Commodity Trading Strategies|Industrial Real Estate Investment|Income Generation Potential|Market Risk Management|Return on Investment Strategies
Shorting|Buy Back Shares|Stock Trading|Forex Exchange Trading|Government Bond Trading|Strike Period|Passive Investment Portfolio|Contractual Negotiation|Capital Growth Potential|Options Trading Techniques|Precious Metals Trading Strategies|Residential Property Investment|Income Stream Generation|Market Volatility Handling|Profit Generation Methods
Covering|Short Selling|Equity Trading|Foreign Exchange Trade|Corporate Debt Market|Expiration Window|Exchange-Traded Fund Investment|Agreed Deal Terms|Wealth Accumulation Strategies|Option Trading Methods|Agricultural Commodities Trading|Retail Real Estate Investment Opportunities|Passive Income Generation|Market Risk Mitigation Strategies|Investment Return Maximization
Shorting|Close Position|Equities Trading|Currency Exchange Trading|Corporate Bond Trading|Expiration Date|Exchange-Traded Investment|Agreement Negotiations|Wealth Accumulation Tactics|Option Trading Approaches
Covering|Buy Back Short|Stocks Trading|Forex Trading Exchange|Corporate Debt Trading|Exercise Period|Passive Investment Portfolio Management|Contractual Negotiations|Capital Growth Strategies|Options Trading Techniques
Sell Short|Close Out Position|Equity Trading Market|Foreign Currency Exchange|Corporate Bonds Trading|Expiration Timing|Exchange-Traded Fund Investments|Negotiated Agreement Terms|Wealth Accumulation Plans|Option Trading Strategies
Short Sell|Buy Back Position|Stock Trading Market|Forex Currency Exchange|Corporate Bond Trading Market|Exercise Timing|Passive Investment Portfolio Management Strategies|Contractual Negotiation Terms|Capital Growth Approaches|Options Trading Tactics
Short Sale|Close Out Short|Stock Trading Market|Forex Exchange Market|Corporate Bond Trading Market|Expiration Period|Passive Investment Fund Management|Negotiated Agreement Terms|Wealth Accumulation Strategies|Option Trading Techniques
Sell Out|Buy Back Short Position|Equity Trading Market|Foreign Exchange Currency Market|Corporate Debt Trading Market|Exercise Window|Exchange-Traded Fund Investment Strategies|Agreed Deal Terms|Wealth Accumulation Tactics|Option Trading Approaches
Shorting|Cover Position|Stocks Trading Market|Forex Exchange Trading Market|Corporate Debt Trading Market|Expiration Date|Exchange-Traded Investment Strategies|Contractual Negotiation Tactics|Wealth Accumulation Plans|Option Trading Strategies
Covering|Buy Back Short Sell|Equity Trading Market|Foreign Currency Exchange Market|Corporate Bond Trading Market|Exercise Period|Passive Investment Portfolio Management Strategies|Negotiated Agreement Terms|Capital Growth Approaches|Options Trading Tactics
Sell Short|Close Out Short Position|Equities Trading Market|Foreign Currency Exchange Market|Corporate Bonds Trading Market|Expiration Timing|Exchange-Traded Fund Investments|Contractual Negotiation Terms|Wealth Accumulation Plans|Option Trading Strategies
Short Sell|Buy Back Short Position|Stocks Trading Market|Forex Currency Exchange Market|Corporate Bond Trading Market|Exercise Timing|Passive Investment Portfolio Management Strategies|Negotiated Agreement Terms|Wealth Accumulation Strategies|Option Trading Techniques