Frost | Chemical | Oceanic Crust | Magnetic Susceptibility
Weathering | Acid Rain | Transform Fault | Magnetic Anomalies
Cryoturbation | Frost Wedging | Rift Valley | Isothermal Remanent Magnetism
Biodegradation | Acid Mine Drainage | Collision Boundary | Magnetic Dipole
Chemical Weathering | Carbonation | Volcanic Arc | Anisotropy of Magnetic Susceptibility
Erosion | Glacial Plucking | Subduction Zone | Earth's Magnetic Field
Saltation | Aeolian Abrasion | Continental Rift | Curie Point
Carbonate Dissolution | Sulfurization | Spreading Ridge | Remanent Magnetization
Mass Movement | Creep | Convergent Boundary | Magnetic Susceptibility
Sedimentation | Alluvial Deposition | Mantle Plume | Palaeomagnetism
Frost Heaving | Cryoclastism | Strike-Slip Fault | Chemical Remanence
Biological Weathering | Root Wedging | Mountain Building | Thermo Remanent Magnetism
Clay Swelling | Alkali Weathering | Subduction Zone | Non-Remanent Magnetism
Sediment Transport | Longshore Drift | Ocean Basin | Magnetic Susceptibility
Landslides | Rockfalls | Island Arc | Remanent Magnetism
Karstification | Dissolution | Continental Margin | Magnetic Dipole
Pedoturbation | Soil Aggregation | Transform Boundary | Isothermal Remanent Magnetism
Thermal Stress | Volcanic Ash Erosion | Spreading Center | Earth's Magnetic Field
Chemical Erosion | Carbonate Dissolution | Strike-Slip Fault | Curie Point
Hydraulic Action | River Erosion | Collision Zone | Anisotropy of Magnetic Susceptibility
Periglacial Processes | Solifluction | Subduction Trench | Palaeomagnetism
Hydration | Salt Weathering | Seafloor Spreading | Chemical Remanence
Frost Action | Freeze-Thaw Weathering | Rift Valley | Thermo Remanent Magnetism
Bioturbation | Root Action | Continental Collision | Magnetic Anomalies
Sedimentation | Delta Formation | Mid-Ocean Ridge | Remanent Magnetization
Exfoliation | Spheroidal Weathering | Fault Zone | Magnetic Dipole
Glacial Abrasion | Ice Scour | Back-Arc Basin | Isothermal Remanent Magnetism
Oxidative Weathering | Rusting | Convergent Boundary | Earth's Magnetic Field
Evaporative Weathering | Haloclasty | Spreading Ridge | Curie Point
Hydraulic Abrasion | Cavitation | Rift Valley | Non-Remanent Magnetism
Chemical Weathering | Chelation | Subduction Zone | Magnetic Anomalies
Sedimentation | Lacustrine Deposition | Transform Fault | Isothermal Remanent Magnetism
Glacial Plucking | Tarn Formation | Rift Valley | Magnetic Dipole
Hydrolysis | Silicate Weathering | Back-Arc Basin | Curie Point
Erosion | Coastal Retreat | Continental Collision | Remanent Magnetization