Drug | Condition | Dosage | Side Effects | Contraindications | Precaution | Doctor | Pharmacist | 
Diazepam | Anxiety | 2mg | Dry Mouth | Glaucoma | Sedation | Doctor E | Pharmacist 8 |
Naproxen | Migraine | 0.75mg | Stomach Ulcers | Asthma | Blood Pressure Monitoring | Doctor F | Pharmacist 9 |
Sertraline | Depression | 0.1mg | Insomnia | Seizures | Suicidal Thoughts | Doctor G | Pharmacist 10 |
Lorazepam | Panic Attacks | 1.5mg | Blurred Vision | Respiratory Depression | Dependency Risk | Doctor H | Pharmacist 11 |
Cetirizine | Allergic Rhinitis | 0.05mg | Fatigue | Urinary Retention | Driving Caution | Doctor I | Pharmacist 12 |
Omeprazole | Acid Reflux | 20mg | Headaches | Osteoporosis | Calcium Supplementation | Doctor J | Pharmacist 13 |
Metformin | Type 2 Diabetes | 850mg | Lactic Acidosis | Heart Failure | Vitamin B12 Monitoring | Doctor K | Pharmacist 14 |
Simvastatin | High Cholesterol | 40mg | Muscle Pain | Liver Dysfunction | Grapefruit Avoidance | Doctor L | Pharmacist 15 |
Citalopram | Generalized Anxiety Disorder | 0.2mg | Sexual Dysfunction | Bleeding Disorders | QT Prolongation | Doctor M | Pharmacist 16 |
Prednisone | Inflammation | 5mg | Mood Swings | Infection | Bone Density Monitoring | Doctor N | Pharmacist 17 |
Montelukast | Asthma | 10mg | Nightmares | Depression | Exercise Limitations | Doctor O | Pharmacist 18 |
Warfarin | Blood Clots | 2.5mg | Hemorrhage | Pregnancy | Vitamin K Consistency | Doctor P | Pharmacist 19 |
Escitalopram | Major Depressive Disorder | 0.15mg | Weight Gain | Angle-Closure Glaucoma | Hyponatremia | Doctor Q | Pharmacist 20 |
Albuterol | Bronchospasm | 90mcg | Tremors | Tachycardia | Inhaler Technique | Doctor R | Pharmacist 21 |
Furosemide | Edema | 40mg | Electrolyte Imbalance | Gout | Sunscreen Use | Doctor S | Pharmacist 22 |
Trazodone | Insomnia | 50mg | Priapism | Narrow-Angle Glaucoma | Orthostatic Hypotension | Doctor T | Pharmacist 23 |
Levothyroxine | Hypothyroidism | 50mcg | Hair Loss | Cardiovascular Disease | Calcium Separation | Doctor U | Pharmacist 24 |
Gabapentin | Neuropathic Pain | 300mg | Edema | Respiratory Depression | Dose Titration | Doctor V | Pharmacist 25 |
Ranitidine | Heartburn | 150mg | Constipation | Hepatic Impairment | B12 Deficiency | Doctor W | Pharmacist 26 |
Amlodipine | Hypertension | 5mg | Pedal Edema | Bradycardia | Grapefruit Interaction | Doctor X | Pharmacist 27 |
Duloxetine | Fibromyalgia | 30mg | Sweating | Glaucoma | Serotonin Syndrome | Doctor Y | Pharmacist 28 |
Metoprolol | Arrhythmia | 25mg | Fatigue | COPD | Masked Symptoms | Doctor Z | Pharmacist 29 |
Fluoxetine | Obsessive-Compulsive Disorder | 20mg | Anxiety | Bipolar Disorder | Serotonin Syndrome | Doctor A | Pharmacist 30 |
Hydrochlorothiazide | Hypertension | 12.5mg | Hypokalemia | Hypercalcemia | Photosensitivity | Doctor B | Pharmacist 31 |
Atorvastatin | Hyperlipidemia | 20mg | Memory Loss | Liver Dysfunction | Statin Myopathy | Doctor C | Pharmacist 32 |
Lisinopril | Heart Failure | 10mg | Persistent Cough | Hyperkalemia | Angioedema | Doctor D | Pharmacist 33 |
Pregabalin | Fibromyalgia | 75mg | Weight Gain | Renal Impairment | CNS Depression | Doctor E | Pharmacist 34 |
Bupropion | Smoking Cessation | 150mg | Insomnia | Seizures | Blood Pressure Elevation | Doctor F | Pharmacist 35 |
Risperidone | Schizophrenia | 2mg | Weight Gain | Tardive Dyskinesia | Neuroleptic Malignant Syndrome | Doctor G | Pharmacist 36 |
Escitalopram | Anxiety | 0.5mg | Nausea | Hyponatremia | Suicidal Thoughts | Doctor H | Pharmacist 37 |