Ages|gods|rules|actions|dialogues|sources|logic|Epistemology|emotions|cosmologies|metaphysics|
Futuristic|Apollo|Descartes|Will|Dialog|Virgil|Intuition|Certainty|Desire|Heaven|Transcendence|
Medieval|Hermes|Aquinas|Faith|Soliloquy|Ovid|Dialectic|Revelation|Sorrow|Limbo|Divinity|
Enlightenment|Persephone|Locke|Consciousness|Monologue|Lucretius|Empiricism|Understanding|Envy|Elysium|Existence|
Victorian|Demeter|Rousseau|Duty|Monologue|Cicero|Reason|Knowledge|Melancholy|Underworld|Afterlife|
Industrial|Ares|Marx|Conflict|Monologue|Virgil|Materialism|Cognition|Regret|Purgatory|Determinism|
Digital|Hestia|Mill|Autonomy|Monologue|Horace|Utilitarianism|Perspective|Pride|Nirvana|Singularity|
Postmodern|Pan|Derrida|Chaos|Monologue|Camus|Deconstruction|Subjectivity|Disgust|Pandemonium|Relativism|
Cybernetic|Nemesis|Wiener|Feedback|Monologue|Seneca|Cybernetics|Uncertainty|Awe|Cyberspace|Emergence|
Colonial|Iris|Hobbes|Colonialism|Monologue|Thucydides|Social Contract|Ignorance|Shame|Colonies|Subjugation|
Globalization|Eros|Smith|Exchange|Monologue|Euripides|Capitalism|Persuasion|Fulfillment|Market|Interconnectedness|
Industrial Revolution|Uranus|Malthus|Revolution|Monologue|Pindar|Population|Progress|Discontent|Factory|Evolution|
Romantic|Nike|Kierkegaard|Passion|Monologue|Plotinus|Existentialism|Meaning|Longing|Elysian Fields|Individualism|
Prehistoric|Gaia|Pythagoras|Instinct|Monologue|Herodotus|Speculation|Unconscious|Terror|Primordial|Creation|
Middle Ages|Chiron|Avicenna|Tradition|Monologue|Cato|Authority|Wisdom|Guilt|Purgatory|Divine|
Postcolonial|Athena|Fanon|Identity|Monologue|Virgil|Decolonization|Identity|Alienation|Homeland|Resistance|
Baroque|Eros|Leibniz|Harmony|Monologue|Tacitus|Optimism|Certainty|Ennui|Barbados|Ornamentation|
Age of Reason|Hestia|Voltaire|Reason|Monologue|Lucretius|Rationalism|Enlightenment|Nostalgia|Utopia|Progress|
Space Age|Hephaestus|Sagan|Exploration|Monologue|Pliny|Astrophysics|Discovery|Curiosity|Space|Innovation|
Existentialist|Hecate|Camus|Absurdity|Monologue|Ovid|Nihilism|Existence|Despair|Void|Authenticity|
Digital Revolution|Janus|Turing|Virtuality|Monologue|Livy|Artificial Intelligence|Simulation|Excitement|Cyberspace|Revolution|
Dark Ages|Moros|Augustine|Ignorance|Monologue|Xenophon|Superstition|Fear|Remorse|Abyss|Faith|
Age of Enlightenment|Athena|Rousseau|Liberty|Monologue|Thucydides|Social Contract|Freedom|Apathy|Republic|Equality|
Golden Age|Icarus|Epicurus|Bliss|Monologue|Pausanias|Hedonism|Tranquility|Reminiscence|Elysium|Perfection|
Information Age|Athena|Gates|Information|Monologue|Bacon|Technology|Knowledge|Anxiety|Virtual Reality|Progress|
Atomic Age|Prometheus|Oppenheimer|Power|Monologue|Tacitus|Nuclear Physics|Destruction|Trepidation|Nuclear Winter|Innovation|
Age of Exploration|Mercury|Cook|Discovery|Monologue|Marco Polo|Adventure|Wonder|Regret|New World|Expansion|
Age of Discovery|Demeter|Columbus|Navigation|Monologue|Herodotus|Exploration|Ambition|Loneliness|New Lands|Conquest|
Age of Conquest|Ares|Alexander|Conquest|Monologue|Thucydides|Empire|Dominance|Grief|Victory|Subjugation|
Age of Colonization|Athena|Cort√©s|Colonization|Monologue|Cato|Expansion|Conquest|Melancholy|Empire|Assimilation|
Age of Revolution|Hermes|Washington|Revolution|Monologue|Tocqueville|Independence|Hope|Regret|New Nation|Transformation|
Age of Enlightenment|Hestia|Montesquieu|Reason|Monologue|Locke|Philosophy|Progress|Contentment|Republic|Individualism|
Age of Reason|Athena|Descartes|Rationality|Monologue|Pliny|Enlightenment|Clarity|Doubt|Empiricism|Progress|