Subject | Pathology | Therapeutics | Anatomy | Physiology | Pharmacology | Bacteriology | Parasitorology | Radiology | Surgery | Diseases | Parasites | Nutrition | Husbandry
Immunology | Immune system disorders | Immunotherapy | Lymphatic system | Immunogenetics | Vaccine development | Immune response mechanisms | Host-parasite interactions | Immunodiagnosis | Transplant surgery | Autoimmune diseases | Protozoal diseases | Nutritional immunology | Animal welfare standards
Epidemiology | Disease surveillance | Public health interventions | Epidemiological methods | Population health | Pharmacovigilance | Disease transmission dynamics | Vector-borne diseases | Epidemiological imaging techniques | Epidemiological surgery | Emerging infectious diseases | Zoonotic diseases | Nutritional epidemiology | Animal welfare regulations
Toxicology | Toxic effects assessment | Toxicokinetics | Organ toxicity | Toxicogenomics | Toxicity testing methods | Environmental toxicology | Vector toxicity | Toxicological imaging | Toxicological surgery | Chemical-induced diseases | Parasitic toxicology | Nutritional toxicology | Animal welfare legislation
Biochemistry | Biomolecular pathways | Drug metabolism | Cellular anatomy | Metabolic regulation | Pharmacogenomics | Microbial metabolism | Parasitic biochemistry | Radiopharmaceuticals | Surgical biochemistry | Metabolic diseases | Host-microbe interactions | Nutritional biochemistry | Animal welfare policies
Genetics | Genetic disorders | Gene therapy | Genetic mapping | Population genetics | Pharmacogenetics | Bacterial genetics | Parasitic genetics | Radiogenetics | Surgical genetics | Genetic diseases | Host genetics | Nutritional genetics | Animal welfare guidelines
Physiopathology | Pathophysiological mechanisms | Therapeutic interventions | Organ pathophysiology | Physiological dysregulation | Pharmacopathology | Pathogenic mechanisms | Parasitic pathophysiology | Radiopathology | Surgical pathophysiology | Pathological conditions | Host-pathology interactions | Nutritional pathophysiology | Animal welfare protocols
Immunopathology | Immunological disorders | Immunomodulatory therapy | Immunopathogenesis | Immunopharmacology | Immune-bacterial interactions | Immuno-parasitic diseases | Immunoradiology | Immunosurgical techniques | Immunopathological conditions | Immune-nutritional interactions | Immunological animal welfare | Immune system regulation
Pharmacodynamics | Drug action mechanisms | Therapeutic effects | Organ pharmacodynamics | Physiological responses to drugs | Pharmacokinetic interactions | Microbial pharmacodynamics | Parasitic pharmacodynamics | Radiopharmacodynamics | Surgical pharmacodynamics | Pharmacological disorders | Host-pharmacology interactions | Nutritional pharmacodynamics | Animal welfare measures
Neurology | Neurological disorders | Neurotherapeutics | Nervous system anatomy | Neurophysiological mechanisms | Pharmacology of neurology | Microbial neurology | Parasitic neurology | Neuroradiology | Neurosurgery | Neurological diseases | Host-neurology interactions | Nutritional neurology | Animal neurological welfare
Cardiology | Cardiovascular disorders | Cardiac therapeutics | Cardiac anatomy | Cardiac physiology | Pharmacology of cardiology | Microbial cardiology | Parasitic cardiology | Cardiac radiology | Cardiac surgery | Cardiovascular diseases | Host-cardiology interactions | Nutritional cardiology | Animal cardiac welfare
Hematology | Hematological disorders | Hematotherapeutics | Hematological anatomy | Hematological physiology | Pharmacology of hematology | Microbial hematology | Parasitic hematology | Hematological radiology | Hematological surgery | Hematological diseases | Host-hematology interactions | Nutritional hematology | Animal hematological welfare
Respirology | Respiratory disorders | Respiratory therapeutics | Respiratory anatomy | Respiratory physiology | Pharmacology of respirology | Microbial respirology | Parasitic respirology | Respiratory radiology | Respiratory surgery | Respiratory diseases | Host-respirology interactions | Nutritional respirology | Animal respiratory welfare
Gastroenterology | Gastrointestinal disorders | Gastrointestinal therapeutics | Gastrointestinal anatomy | Gastrointestinal physiology | Pharmacology of gastroenterology | Microbial gastroenterology | Parasitic gastroenterology | Gastrointestinal radiology | Gastrointestinal surgery | Gastrointestinal diseases | Host-gastroenterology interactions | Nutritional gastroenterology | Animal gastrointestinal welfare
Endocrinology | Endocrine disorders | Endocrine therapeutics | Endocrine anatomy | Endocrine physiology | Pharmacology of endocrinology | Microbial endocrinology | Parasitic endocrinology | Endocrine radiology | Endocrine surgery | Endocrine diseases | Host-endocrinology interactions | Nutritional endocrinology | Animal endocrine welfare
Oncology | Oncological disorders | Oncological therapeutics | Oncological anatomy | Oncological physiology | Pharmacology of oncology | Microbial oncology | Parasitic oncology | Oncological radiology | Oncological surgery | Oncological diseases | Host-oncology interactions | Nutritional oncology | Animal oncological welfare
Dermatology | Dermatological disorders | Dermatological therapeutics | Dermatological anatomy | Dermatological physiology | Pharmacology of dermatology | Microbial dermatology | Parasitic dermatology | Dermatological radiology | Dermatological surgery | Dermatological diseases | Host-dermatology interactions | Nutritional dermatology | Animal dermatological welfare
Ophthalmology | Ophthalmological disorders | Ophthalmological therapeutics | Ophthalmological anatomy | Ophthalmological physiology | Pharmacology of ophthalmology | Microbial ophthalmology | Parasitic ophthalmology | Ophthalmological radiology | Ophthalmological surgery | Ophthalmological diseases | Host-ophthalmology interactions | Nutritional ophthalmology | Animal ophthalmological welfare
Otolaryngology | Otolaryngological disorders | Otolaryngological therapeutics | Otolaryngological anatomy | Otolaryngological physiology | Pharmacology of otolaryngology | Microbial otolaryngology | Parasitic otolaryngology | Otolaryngological radiology | Otolaryngological surgery | Otolaryngological diseases | Host-otolaryngology interactions | Nutritional otolaryngology | Animal otolaryngological welfare
Urology | Urological disorders | Urological therapeutics | Urological anatomy | Urological physiology | Pharmacology of urology | Microbial urology | Parasitic urology | Urological radiology | Urological surgery | Urological diseases | Host-urology interactions | Nutritional urology | Animal urological welfare
Orthopedics | Orthopedic disorders | Orthopedic therapeutics | Orthopedic anatomy | Orthopedic physiology | Pharmacology of orthopedics | Microbial orthopedics | Parasitic orthopedics | Orthopedic radiology | Orthopedic surgery | Orthopedic diseases | Host-orthopedic interactions | Nutritional orthopedics | Animal orthopedic welfare
Psychiatry | Psychiatric disorders | Psychiatric therapeutics | Psychiatric anatomy | Psychiatric physiology | Pharmacology of psychiatry | Microbial psychiatry | Parasitic psychiatry | Psychiatric radiology | Psychiatric surgery | Psychiatric diseases | Host-psychiatry interactions | Nutritional psychiatry | Animal psychiatric welfare
Obstetrics | Obstetric disorders | Obstetric therapeutics | Obstetric anatomy | Obstetric physiology | Pharmacology of obstetrics | Microbial obstetrics | Parasitic obstetrics | Obstetric radiology | Obstetric surgery | Obstetric diseases | Host-obstetrics interactions| Nutritional obstetrics | Animal obstetric welfare
Pediatrics | Pediatric disorders | Pediatric therapeutics | Pediatric anatomy | Pediatric physiology | Pharmacology of pediatrics | Microbial pediatrics | Parasitic pediatrics | Pediatric radiology | Pediatric surgery | Pediatric diseases | Host-pediatrics interactions | Nutritional pediatrics | Animal pediatric welfare
Geriatrics | Geriatric disorders | Geriatric therapeutics | Geriatric anatomy | Geriatric physiology | Pharmacology of geriatrics | Microbial geriatrics | Parasitic geriatrics | Geriatric radiology | Geriatric surgery | Geriatric diseases | Host-geriatrics interactions | Nutritional geriatrics | Animal geriatric welfare
Emergency Medicine | Emergency disorders | Emergency therapeutics | Emergency anatomy | Emergency physiology | Pharmacology of emergency medicine | Microbial emergency medicine | Parasitic emergency medicine | Emergency radiology | Emergency surgery | Emergency diseases | Host-emergency interactions | Nutritional emergency medicine | Animal emergency welfare
Rehabilitation Medicine | Rehabilitation disorders | Rehabilitation therapeutics | Rehabilitation anatomy | Rehabilitation physiology | Pharmacology of rehabilitation medicine | Microbial rehabilitation medicine | Parasitic rehabilitation medicine | Rehabilitation radiology | Rehabilitation surgery | Rehabilitation diseases | Host-rehabilitation interactions | Nutritional rehabilitation medicine | Animal rehabilitation welfare
Palliative Care | Palliative disorders | Palliative therapeutics | Palliative anatomy | Palliative physiology | Pharmacology of palliative care | Microbial palliative care | Parasitic palliative care | Palliative radiology | Palliative surgery | Palliative diseases | Host-palliative interactions | Nutritional palliative care | Animal palliative welfare
Alternative Medicine | Alternative disorders | Alternative therapeutics | Alternative anatomy | Alternative physiology | Pharmacology of alternative medicine | Microbial alternative medicine | Parasitic alternative medicine | Alternative radiology | Alternative surgery | Alternative diseases | Host-alternative interactions | Nutritional alternative medicine | Animal alternative welfare
Regenerative Medicine | Regenerative disorders | Regenerative therapeutics | Regenerative anatomy | Regenerative physiology | Pharmacology of regenerative medicine | Microbial regenerative medicine | Parasitic regenerative medicine | Regenerative radiology | Regenerative surgery | Regenerative diseases | Host-regenerative interactions | Nutritional regenerative medicine | Animal regenerative welfare
Sports Medicine | Sports-related disorders | Sports therapeutics | Musculoskeletal anatomy | Exercise physiology | Pharmacology of sports medicine | Microbial sports medicine | Parasitic sports medicine | Sports radiology | Sports surgery | Sports-related diseases | Host-sports interactions | Nutritional sports medicine | Animal sports welfare